{"cameraMode":{"drawMode":0,"name":"Shaded","section":"Shading Mode"},"sceneLighting":false,"audioPlay":false,"sceneViewState":{"m_AlwaysRefresh":false,"showFog":true,"showSkybox":false,"showFlares":true,"showImageEffects":true,"showParticleSystems":true,"showVisualEffectGraphs":true,"m_FxEnabled":true},"in2DMode":false,"pivot":{"x":-0.014389827847480774,"y":1.0109469890594483,"z":-0.0396706685423851},"rotation":{"x":0.058609750121831897,"y":0.7802019715309143,"z":-0.07394969463348389,"w":0.6183652281761169},"size":0.1120092123746872,"orthographic":false}