{"cameraMode":{"drawMode":0,"name":"Shaded","section":"Shading Mode"},"sceneLighting":false,"audioPlay":false,"sceneViewState":{"m_AlwaysRefresh":false,"showFog":true,"showSkybox":false,"showFlares":true,"showImageEffects":true,"showParticleSystems":true,"showVisualEffectGraphs":true,"m_FxEnabled":true},"in2DMode":false,"pivot":{"x":7.022965431213379,"y":2.3922274112701418,"z":1.8361666202545167},"rotation":{"x":0.07833462953567505,"y":-0.48828035593032839,"z":0.04406483471393585,"w":0.8680346012115479},"size":0.868699848651886,"orthographic":true}