{"cameraMode":{"drawMode":0,"name":"Shaded","section":"Shading Mode"},"sceneLighting":false,"audioPlay":false,"sceneViewState":{"m_AlwaysRefresh":false,"showFog":true,"showSkybox":false,"showFlares":true,"showImageEffects":true,"showParticleSystems":true,"showVisualEffectGraphs":true,"m_FxEnabled":true},"in2DMode":false,"pivot":{"x":6.974469184875488,"y":2.277740716934204,"z":1.7146713733673096},"rotation":{"x":0.07833462953567505,"y":-0.48828035593032839,"z":0.04406483471393585,"w":0.8680346012115479},"size":0.868699848651886,"orthographic":true}