{"cameraMode":{"drawMode":0,"name":"Shaded","section":"Shading Mode"},"sceneLighting":false,"audioPlay":false,"sceneViewState":{"m_AlwaysRefresh":false,"showFog":true,"showSkybox":false,"showFlares":true,"showImageEffects":true,"showParticleSystems":true,"showVisualEffectGraphs":true,"m_FxEnabled":true},"in2DMode":false,"pivot":{"x":1.9493556022644044,"y":0.21571743488311768,"z":-0.5600147247314453},"rotation":{"x":0.09027179330587387,"y":0.8379091620445252,"z":-0.14599010348320008,"w":0.518113374710083},"size":2.5006721019744875,"orthographic":false}