{"cameraMode":{"drawMode":0,"name":"Shaded","section":"Shading Mode"},"sceneLighting":true,"audioPlay":false,"sceneViewState":{"m_AlwaysRefresh":false,"showFog":true,"showSkybox":true,"showFlares":true,"showImageEffects":true,"showParticleSystems":true,"showVisualEffectGraphs":true,"m_FxEnabled":true},"in2DMode":false,"pivot":{"x":17.84166717529297,"y":2.305600643157959,"z":-0.9669191837310791},"rotation":{"x":-0.06741514801979065,"y":0.8717081546783447,"z":-0.46888551115989687,"w":-0.12533880770206452},"size":3.6658451557159426,"orthographic":false}