{"cameraMode":{"drawMode":0,"name":"Shaded","section":"Shading Mode"},"sceneLighting":false,"audioPlay":false,"sceneViewState":{"m_AlwaysRefresh":false,"showFog":true,"showSkybox":false,"showFlares":true,"showImageEffects":true,"showParticleSystems":true,"showVisualEffectGraphs":true,"m_FxEnabled":true},"in2DMode":false,"pivot":{"x":7.751921653747559,"y":1.519707202911377,"z":1.6943156719207764},"rotation":{"x":0.025825591757893564,"y":-0.9335625171661377,"z":0.06874130666255951,"w":0.35075342655181887},"size":1.657492756843567,"orthographic":false}