{"cameraMode":{"drawMode":0,"name":"Shaded","section":"Shading Mode"},"sceneLighting":false,"audioPlay":false,"sceneViewState":{"m_AlwaysRefresh":false,"showFog":true,"showSkybox":false,"showFlares":true,"showImageEffects":true,"showParticleSystems":true,"showVisualEffectGraphs":true,"m_FxEnabled":true},"in2DMode":false,"pivot":{"x":6.990782260894775,"y":2.441934823989868,"z":2.7112951278686525},"rotation":{"x":0.004790979437530041,"y":-0.9847559928894043,"z":0.1715756505727768,"w":0.027478549629449846},"size":0.868699848651886,"orthographic":true}