{"cameraMode":{"drawMode":0,"name":"Shaded","section":"Shading Mode"},"sceneLighting":false,"audioPlay":false,"sceneViewState":{"m_AlwaysRefresh":false,"showFog":true,"showSkybox":false,"showFlares":true,"showImageEffects":true,"showParticleSystems":true,"showVisualEffectGraphs":true,"m_FxEnabled":true},"in2DMode":false,"pivot":{"x":-0.12009745836257935,"y":1.229833722114563,"z":0.585070013999939},"rotation":{"x":-0.02156217396259308,"y":0.7565159201622009,"z":0.02497336082160473,"w":0.6531389355659485},"size":0.3096332848072052,"orthographic":false}