{"cameraMode":{"drawMode":0,"name":"Shaded","section":"Shading Mode"},"sceneLighting":true,"audioPlay":false,"sceneViewState":{"m_AlwaysRefresh":false,"showFog":true,"showSkybox":true,"showFlares":true,"showImageEffects":true,"showParticleSystems":true,"showVisualEffectGraphs":true,"m_FxEnabled":true},"in2DMode":false,"pivot":{"x":524.50634765625,"y":201.51002502441407,"z":7.45159912109375},"rotation":{"x":-0.04048812389373779,"y":0.0029885072726756336,"z":-0.00012845138553529978,"w":-0.9991627931594849},"size":467.3633728027344,"orthographic":false}