{"cameraMode":{"drawMode":0,"name":"Shaded","section":"Shading Mode"},"sceneLighting":true,"audioPlay":false,"sceneViewState":{"m_AlwaysRefresh":false,"showFog":true,"showSkybox":true,"showFlares":true,"showImageEffects":true,"showParticleSystems":true,"showVisualEffectGraphs":true,"m_FxEnabled":true},"in2DMode":false,"pivot":{"x":160.6352996826172,"y":-24.08905029296875,"z":27.25958251953125},"rotation":{"x":0.30815455317497256,"y":0.03708977252244949,"z":-0.012023402377963066,"w":0.9505341649055481},"size":597.9797973632813,"orthographic":false}