{"cameraMode":{"drawMode":0,"name":"Shaded","section":"Shading Mode"},"sceneLighting":true,"audioPlay":false,"sceneViewState":{"m_AlwaysRefresh":false,"showFog":true,"showSkybox":true,"showFlares":true,"showImageEffects":true,"showParticleSystems":true,"showVisualEffectGraphs":true,"m_FxEnabled":true},"in2DMode":false,"pivot":{"x":626.9622192382813,"y":148.09490966796876,"z":8.653945922851563},"rotation":{"x":0.016499163582921029,"y":-0.0029995583463460209,"z":0.00004947639172314666,"w":0.9998580813407898},"size":433.46917724609377,"orthographic":false}