{"cameraMode":{"drawMode":0,"name":"Shaded","section":"Shading Mode"},"sceneLighting":false,"audioPlay":false,"sceneViewState":{"m_AlwaysRefresh":false,"showFog":true,"showSkybox":false,"showFlares":true,"showImageEffects":true,"showParticleSystems":true,"showVisualEffectGraphs":true,"m_FxEnabled":true},"in2DMode":false,"pivot":{"x":7.022965431213379,"y":2.3922274112701418,"z":1.8361666202545167},"rotation":{"x":0.07191222906112671,"y":-0.7937071323394775,"z":0.09570519626140595,"w":0.5963931083679199},"size":0.7612387537956238,"orthographic":true}